"node";"product";"node_type";"p_order";"p_Stock";"p_manufacturing";"availability";"robustness";"consequence";"not_available";"risk";"iteration"
"1132767";"T1";"Raw Material";0,562178083193154;0;0;0,562178083193154;0,820863309513114;0,179136690486886;0,437821916806846;0,0784299691994033;0
"T1";"T1";"Final Product";0;0;0,0085202368127936;0,0085202368127936;0,803483065494342;0,196516934505658;0,991479763187206;0,194842563685946;0
"11308154";"T1";"Raw Material";0,965500014486941;0;0;0,965500014486941;0,820863309513114;0,179136690486886;0,0344999855130588;0,00618021322665487;0
"11312768";"T1";"Raw Material";0,812395759267984;0;0;0,812395759267984;0,820863309513114;0,179136690486886;0,187604240732016;0,0336068028060385;0
"11313671";"T1";"Raw Material";0,719060938937926;0;0;0,719060938937926;0,820863309513114;0,179136690486886;0,280939061062074;0,0503264936271533;0
"11313747";"T1";"Raw Material";0,409213048309706;0;0;0,409213048309706;0,820863309513114;0,179136690486886;0,590786951690294;0,105831619308635;0
"11315086";"T1";"Raw Material";0,409196164235342;0;0;0,409196164235342;0,820863309513114;0,179136690486886;0,590803835764658;0,105834643865839;0
"11315160";"T1";"Raw Material";0,34065852851774;0;0;0,34065852851774;0,820863309513114;0,179136690486886;0,65934147148226;0,118112249102086;0
"11318457";"T1";"Inner Product";0;0;0,720780508220246;0,720780508220246;0,772596786131399;0,227403213868601;0,279219491779754;0,0634954098054735;0
"11318443";"T1";"Inner Product";0;0;0,795650804457232;0,795650804457232;0,772596786131399;0,227403213868601;0,204349195542768;0,0464696638178887;0
"11552755";"T1";"Inner Product";0;0;0,906323302042455;0,906323302042455;0,755322017888293;0,244677982111707;0,0936766979575454;0,02292062542714;0
"11334659";"T2";"Raw Material";0,906323302042455;0;0;0,906323302042455;0,334734074303025;0,665265925696975;0,0936766979575454;0,0623199151829624;0
"11334659";"T1";"Raw Material";0,906323302042455;0;0;0,906323302042455;0,334734074303025;0,665265925696975;0,0936766979575454;0,0623199151829624;0
"11313665";"T1";"Raw Material";0,720780508220246;0;0;0,720780508220246;0,790315927453994;0,209684072546006;0,279219491779754;0,0585478801706047;0
"11315892";"T1";"Raw Material";0,795650804457232;0;0;0,795650804457232;0,790315927453994;0,209684072546006;0,204349195542768;0,0428487715429077;0
"T2";"T2";"Final Product";0;0;0,00153001868084393;0,00153001868084393;0,684182515041773;0,315817484958227;0,998469981319156;0,315334278306504;0
"11314767";"T2";"Raw Material";0,314409146007062;0;0;0,314409146007062;0,699769382316968;0,300230617683032;0,685590853992938;0,205835365572137;0
"11315387";"T2";"Raw Material";0,978936896513396;0;0;0,978936896513396;0,699769382316968;0,300230617683032;0,021063103486604;0,00632378857010474;0
"11315388";"T2";"Raw Material";0,882709848560295;0;0;0,882709848560295;0,699769382316968;0,300230617683032;0,117290151439705;0,0352140946148789;0
"11315389";"T2";"Raw Material";0,448637377474793;0;0;0,448637377474793;0,699769382316968;0,300230617683032;0,551362622525207;0,165535940728079;0
"11315390";"T2";"Raw Material";0,42727747704497;0;0;0,42727747704497;0,699769382316968;0,300230617683032;0,57272252295503;0,171948836827773;0
"11315391";"T2";"Raw Material";0,428383156897404;0;0;0,428383156897404;0,699769382316968;0,300230617683032;0,571616843102596;0,171616877882717;0
"11315791";"T2";"Raw Material";0,512969570071676;0;0;0,512969570071676;0,699769382316968;0,300230617683032;0,487030429928324;0,146221446807813;0
"11315792";"T2";"Raw Material";0,667329502142566;0;0;0,667329502142566;0,699769382316968;0,300230617683032;0,332670497857434;0,099877869056659;0
"11316161";"T2";"Raw Material";0,602361513049481;0;0;0,602361513049481;0,699769382316968;0,300230617683032;0,397638486950519;0,119383248551701;0
"11334661";"T2";"Raw Material";0,503860398138629;0;0;0,503860398138629;0,699769382316968;0,300230617683032;0,496139601861371;0,148956299123853;0
"11402999";"T2";"Raw Material";0,728297026305666;0;0;0,728297026305666;0,699769382316968;0,300230617683032;0,271702973694334;0,0815735516185666;0
"1132767";"T1";"Raw Material";0,562178083193154;0;0;0,562178083193154;0,881609682117238;0,118390317882762;0,437821916806846;0,0518338759068026;1
"T1";"T1";"Final Product";0;0;0,0085202368127936;0,0085202368127936;0,866982628722616;0,133017371277384;0,991479763187206;0,131884031773885;1
"11308154";"T1";"Raw Material";0,965500014486941;0;0;0,965500014486941;0,881609682117238;0,118390317882762;0,0344999855130588;0,0040844642518417;1
"11312768";"T1";"Raw Material";0,812395759267984;0;0;0,812395759267984;0,881609682117238;0,118390317882762;0,187604240732016;0,0222105256964176;1
"11313671";"T1";"Raw Material";0,719060938937926;0;0;0,719060938937926;0,881609682117238;0,118390317882762;0,280939061062074;0,0332604647448236;1
"11313747";"T1";"Raw Material";0,409213048309706;0;0;0,409213048309706;0,881609682117238;0,118390317882762;0,590786951690294;0,0699434550116017;1
"11315086";"T1";"Raw Material";0,409196164235342;0;0;0,409196164235342;0,881609682117238;0,118390317882762;0,590803835764658;0,0699454539225328;1
"11315160";"T1";"Raw Material";0,34065852851774;0;0;0,34065852851774;0,881609682117238;0,118390317882762;0,65934147148226;0,0780596464020726;1
"11318457";"T1";"Inner Product";0;0;0,720780508220246;0,720780508220246;0,839343530774372;0,160656469225628;0,279219491779754;0,0448584176883094;1
"11318443";"T1";"Inner Product";0;0;0,795650804457232;0,795650804457232;0,839343530774372;0,160656469225628;0,204349195542768;0,0328300202449985;1
"11552755";"T1";"Inner Product";0;0;0,906323302042455;0,906323302042455;0,819561696111544;0,180438303888456;0,0936766979575454;0,0169028644933306;1
"11334659";"T2";"Raw Material";0,906323302042455;0;0;0,906323302042455;0,441922629413639;0,558077370586361;0,0936766979575454;0,0522788452813597;1
"11334659";"T1";"Raw Material";0,906323302042455;0;0;0,906323302042455;0,441922629413639;0,558077370586361;0,0936766979575454;0,0522788452813597;1
"11313665";"T1";"Raw Material";0,720780508220246;0;0;0,720780508220246;0,854723379807847;0,145276620192153;0,279219491779754;0,0405640640575333;1
"11315892";"T1";"Raw Material";0,795650804457232;0;0;0,795650804457232;0,854723379807847;0,145276620192153;0,204349195542768;0,0296871604674388;1
"T2";"T2";"Final Product";0;0;0,00486146373785434;0,00486146373785434;0,784805913828444;0,215194086171556;0,995138536262146;0,214147927925032;1
"11314767";"T2";"Raw Material";0,314409146007062;0,999;0;0,999;1;0;0,001;0;1
"11315387";"T2";"Raw Material";0,978936896513396;0;0;0,978936896513396;0,799048133639507;0,200951866360493;0,021063103486604;0,00423266995697729;1
"11315388";"T2";"Raw Material";0,882709848560295;0;0;0,882709848560295;0,799048133639507;0,200951866360493;0,117290151439705;0,0235696748375136;1
"11315389";"T2";"Raw Material";0,448637377474793;0;0;0,448637377474793;0,799048133639507;0,200951866360493;0,551362622525207;0,110797348037856;1
"11315390";"T2";"Raw Material";0,42727747704497;0;0;0,42727747704497;0,799048133639507;0,200951866360493;0,57272252295503;0,115089659894504;1
"11315391";"T2";"Raw Material";0,428383156897404;0;0;0,428383156897404;0,799048133639507;0,200951866360493;0,571616843102596;0,11486747146456;1
"11315791";"T2";"Raw Material";0,512969570071676;0;0;0,512969570071676;0,799048133639507;0,200951866360493;0,487030429928324;0,0978696738684501;1
"11315792";"T2";"Raw Material";0,667329502142566;0;0;0,667329502142566;0,799048133639507;0,200951866360493;0,332670497857434;0,0668507574275257;1
"11316161";"T2";"Raw Material";0,602361513049481;0;0;0,602361513049481;0,799048133639507;0,200951866360493;0,397638486950519;0,0799061960894694;1
"11334661";"T2";"Raw Material";0,503860398138629;0;0;0,503860398138629;0,799048133639507;0,200951866360493;0,496139601861371;0,0997001789693945;1
"11402999";"T2";"Raw Material";0,728297026305666;0;0;0,728297026305666;0,799048133639507;0,200951866360493;0,271702973694334;0,0545992196595725;1
"1132767";"T1";"Raw Material";0,562178083193154;0;0;0,562178083193154;0,88283068535687;0,11716931464313;0,437821916806846;0,0512992939279997;2
"T1";"T1";"Final Product";0;0;0,0085202368127936;0,0085202368127936;0,870920000387993;0,129079999612007;0,991479763187206;0,127980207447517;2
"11308154";"T1";"Raw Material";0,965500014486941;0;0;0,965500014486941;0,88283068535687;0,11716931464313;0,0344999855130588;0,00404233965776301;2
"11312768";"T1";"Raw Material";0,812395759267984;0;0;0,812395759267984;0,88283068535687;0,11716931464313;0,187604240732016;0,0219814603107152;2
"11313671";"T1";"Raw Material";0,719060938937926;0;0;0,719060938937926;0,88283068535687;0,11716931464313;0,280939061062074;0,0329174372411277;2
"11313747";"T1";"Raw Material";0,409213048309706;0;0;0,409213048309706;0,88283068535687;0,11716931464313;0,590786951690294;0,0692221022296558;2
"11315086";"T1";"Raw Material";0,409196164235342;0;0;0,409196164235342;0,88283068535687;0,11716931464313;0,590803835764658;0,0692240805250774;2
"11315160";"T1";"Raw Material";0,34065852851774;0;0;0,34065852851774;0,88283068535687;0,11716931464313;0,65934147148226;0,0772545883293694;2
"11318457";"T1";"Inner Product";0;0;0,720780508220246;0,720780508220246;0,844544466429717;0,155455533570283;0,279219491779754;0,0434062150778448;2
"11318443";"T1";"Inner Product";0;0;0,795650804457232;0,795650804457232;0,844544466429717;0,155455533570283;0,204349195542768;0,0317672132277591;2
"11552755";"T1";"Inner Product";0;0;0,906323302042455;0,906323302042455;0,82320253344943;0,17679746655057;0,0936766979575454;0,016561802873717;2
"11334659";"T2";"Raw Material";0,906323302042455;0;0;0,906323302042455;0,511604466877421;0,488395533122579;0,0936766979575454;0,0457512808401382;2
"11334659";"T1";"Raw Material";0,906323302042455;0;0;0,906323302042455;0,511604466877421;0,488395533122579;0,0936766979575454;0,0457512808401382;2
"11313665";"T1";"Raw Material";0,720780508220246;0;0;0,720780508220246;0,857343253161679;0,142656746838321;0,279219491779754;0,0398325443511491;2
"11315892";"T1";"Raw Material";0,795650804457232;0;0;0,795650804457232;0,857343253161679;0,142656746838321;0,204349195542768;0,0291517914551593;2
"T2";"T2";"Final Product";0;0;0,0113663896063619;0,0113663896063619;0,81879125283002;0,18120874716998;0,988633610393638;0,179149057949565;2
"11314767";"T2";"Raw Material";0,314409146007062;0,999;0;0,999;1;0;0,001;0;2
"11315387";"T2";"Raw Material";0,978936896513396;0;0;0,978936896513396;0,830839407975758;0,169160592024242;0,021063103486604;0,00356304705566181;2
"11315388";"T2";"Raw Material";0,882709848560295;0;0;0,882709848560295;0,830839407975758;0,169160592024242;0,117290151439705;0,0198408714561535;2
"11315389";"T2";"Raw Material";0,448637377474793;0;0;0,448637377474793;0,830839407975758;0,169160592024242;0,551362622525207;0,0932688276464027;2
"11315390";"T2";"Raw Material";0,42727747704497;0,999;0;0,999;1;0;0,001;0;2
"11315391";"T2";"Raw Material";0,428383156897404;0;0;0,428383156897404;0,830839407975758;0,169160592024242;0,571616843102596;0,0966950435902635;2
"11315791";"T2";"Raw Material";0,512969570071676;0;0;0,512969570071676;0,830839407975758;0,169160592024242;0,487030429928324;0,0823863558604964;2
"11315792";"T2";"Raw Material";0,667329502142566;0;0;0,667329502142566;0,830839407975758;0,169160592024242;0,332670497857434;0,0562747383665628;2
"11316161";"T2";"Raw Material";0,602361513049481;0;0;0,602361513049481;0,830839407975758;0,169160592024242;0,397638486950519;0,0672647618641736;2
"11334661";"T2";"Raw Material";0,503860398138629;0;0;0,503860398138629;0,830839407975758;0,169160592024242;0,496139601861371;0,0839272687775412;2
"11402999";"T2";"Raw Material";0,728297026305666;0;0;0,728297026305666;0,830839407975758;0,169160592024242;0,271702973694334;0,0459614358848807;2
"1132767";"T1";"Raw Material";0,562178083193154;0;0;0,562178083193154;0,892510811737006;0,107489188262994;0,437821916806846;0,0470611224413162;3
"T1";"T1";"Final Product";0;0;0,0085202368127936;0,0085202368127936;0,882253650327176;0,117746349672824;0,991479763187206;0,11674312288977;3
"11308154";"T1";"Raw Material";0,965500014486941;0;0;0,965500014486941;0,892510811737006;0,107489188262994;0,0344999855130588;0,00370837543788376;3
"11312768";"T1";"Raw Material";0,812395759267984;0;0;0,812395759267984;0,892510811737006;0,107489188262994;0,187604240732016;0,0201654275509798;3
"11313671";"T1";"Raw Material";0,719060938937926;0;0;0,719060938937926;0,892510811737006;0,107489188262994;0,280939061062074;0,0301979116249302;3
"11313747";"T1";"Raw Material";0,409213048309706;0;0;0,409213048309706;0,892510811737006;0,107489188262994;0,590786951690294;0,0635032098735587;3
"11315086";"T1";"Raw Material";0,409196164235342;0;0;0,409196164235342;0,892510811737006;0,107489188262994;0,590803835764658;0,0635050247290066;3
"11315160";"T1";"Raw Material";0,34065852851774;0;0;0,34065852851774;0,892510811737006;0,107489188262994;0,65934147148226;0,0708720795577565;3
"11318457";"T1";"Inner Product";0;0;0,720780508220246;0,720780508220246;0,856918957076921;0,143081042923079;0,279219491779754;0,0399510160882993;3
"11318443";"T1";"Inner Product";0;0;0,795650804457232;0,795650804457232;0,856918957076921;0,143081042923079;0,204349195542768;0,0292384960187515;3
"11552755";"T1";"Inner Product";0;0;0,906323302042455;0,906323302042455;0,83466352999868;0,16533647000132;0,0936766979575454;0,0154881745616804;3
"11334659";"T2";"Raw Material";0,906323302042455;0;0;0,906323302042455;0,567640736371163;0,432359263628837;0,0936766979575454;0,0405019881481053;3
"11334659";"T1";"Raw Material";0,906323302042455;0;0;0,906323302042455;0,567640736371163;0,432359263628837;0,0936766979575454;0,0405019881481053;3
"11313665";"T1";"Raw Material";0,720780508220246;0;0;0,720780508220246;0,868131280811894;0,131868719188106;0,279219491779754;0,0368203167533501;3
"11315892";"T1";"Raw Material";0,795650804457232;0;0;0,795650804457232;0,868131280811894;0,131868719188106;0,204349195542768;0,0269472666833447;3
"T2";"T2";"Final Product";0;0;0,026506698580297;0,026506698580297;0,854761240279648;0,145238759720352;0,973493301419703;0,141388959694268;3
"11314767";"T2";"Raw Material";0,314409146007062;0,999;0;0,999;1;0;0,001;0;3
"11315387";"T2";"Raw Material";0,978936896513396;0;0;0,978936896513396;0,865174372941483;0,134825627058517;0,021063103486604;0,00283984613537983;3
"11315388";"T2";"Raw Material";0,882709848560295;0;0;0,882709848560295;0,865174372941483;0,134825627058517;0,117290151439705;0,0158137182156467;3
"11315389";"T2";"Raw Material";0,448637377474793;0;0;0,448637377474793;0,865174372941483;0,134825627058517;0,551362622525207;0,0743378113185896;3
"11315390";"T2";"Raw Material";0,42727747704497;0,999;0;0,999;1;0;0,001;0;3
"11315391";"T2";"Raw Material";0,428383156897404;0,999;0;0,999;1;0;0,001;0;3
"11315791";"T2";"Raw Material";0,512969570071676;0;0;0,512969570071676;0,865174372941483;0,134825627058517;0,487030429928324;0,0656641831116655;3
"11315792";"T2";"Raw Material";0,667329502142566;0;0;0,667329502142566;0,865174372941483;0,134825627058517;0,332670497857434;0,0448525084774976;3
"11316161";"T2";"Raw Material";0,602361513049481;0;0;0,602361513049481;0,865174372941483;0,134825627058517;0,397638486950519;0,0536118583457038;3
"11334661";"T2";"Raw Material";0,503860398138629;0;0;0,503860398138629;0,865174372941483;0,134825627058517;0,496139601861371;0,0668923329295224;3
"11402999";"T2";"Raw Material";0,728297026305666;0;0;0,728297026305666;0,865174372941483;0,134825627058517;0,271702973694334;0,0366325238020025;3
"1132767";"T1";"Raw Material";0,562178083193154;0;0;0,562178083193154;0,898833701333104;0,101166298666896;0,437821916806846;0,0442928227985944;4
"T1";"T1";"Final Product";0;0;0,0085202368127936;0,0085202368127936;0,889850930820102;0,110149069179898;0,991479763187206;0,109210573025777;4
"11308154";"T1";"Raw Material";0,965500014486941;0;0;0,965500014486941;0,898833701333104;0,101166298666896;0,0344999855130588;0,0034902358384177;4
"11312768";"T1";"Raw Material";0,812395759267984;0;0;0,812395759267984;0,898833701333104;0,101166298666896;0,187604240732016;0,0189792266490715;4
"11313671";"T1";"Raw Material";0,719060938937926;0;0;0,719060938937926;0,898833701333104;0,101166298666896;0,280939061062074;0,0284215649586032;4
"11313747";"T1";"Raw Material";0,409213048309706;0;0;0,409213048309706;0,898833701333104;0,101166298666896;0,590786951690294;0,0597677292032055;4
"11315086";"T1";"Raw Material";0,409196164235342;0;0;0,409196164235342;0,898833701333104;0,101166298666896;0,590803835764658;0,0597694373025153;4
"11315160";"T1";"Raw Material";0,34065852851774;0;0;0,34065852851774;0,898833701333104;0,101166298666896;0,65934147148226;0,0667031362274452;4
"11318457";"T1";"Inner Product";0;0;0,720780508220246;0,720780508220246;0,865027799486494;0,134972200513506;0,279219491779754;0,0376868692317762;4
"11318443";"T1";"Inner Product";0;0;0,795650804457232;0,795650804457232;0,865027799486494;0,134972200513506;0,204349195542768;0,0275814605955722;4
"11552755";"T1";"Inner Product";0;0;0,906323302042455;0,906323302042455;0,842354220569179;0,157645779430821;0,0936766979575454;0,0147677360640229;4
"11334659";"T2";"Raw Material";0,906323302042455;0;0;0,906323302042455;0,615037369966149;0,384962630033851;0,0936766979575454;0,0360620280186233;4
"11334659";"T1";"Raw Material";0,906323302042455;0;0;0,906323302042455;0,615037369966149;0,384962630033851;0,0936766979575454;0,0360620280186233;4
"11313665";"T1";"Raw Material";0,720780508220246;0;0;0,720780508220246;0,874980117449839;0,125019882550161;0,279219491779754;0,0349079880680205;4
"11315892";"T1";"Raw Material";0,795650804457232;0;0;0,795650804457232;0,874980117449839;0,125019882550161;0,204349195542768;0,0255477124259768;4
"T2";"T2";"Final Product";0;0;0,0590235972552342;0,0590235972552342;0,882646512758702;0,117353487241298;0,940976402744766;0,110426862273871;4
"11314767";"T2";"Raw Material";0,314409146007062;0,999;0;0,999;1;0;0,001;0;4
"11315387";"T2";"Raw Material";0,978936896513396;0;0;0,978936896513396;0,891493739937721;0,108506260062279;0,021063103486604;0,00228547858463615;4
"11315388";"T2";"Raw Material";0,882709848560295;0;0;0,882709848560295;0,891493739937721;0,108506260062279;0,117290151439705;0,0127267156748607;4
"11315389";"T2";"Raw Material";0,448637377474793;0,999;0;0,999;1;0;0,001;0;4
"11315390";"T2";"Raw Material";0,42727747704497;0,999;0;0,999;1;0;0,001;0;4
"11315391";"T2";"Raw Material";0,428383156897404;0,999;0;0,999;1;0;0,001;0;4
"11315791";"T2";"Raw Material";0,512969570071676;0;0;0,512969570071676;0,891493739937721;0,108506260062279;0,487030429928324;0,0528458504880463;4
"11315792";"T2";"Raw Material";0,667329502142566;0;0;0,667329502142566;0,891493739937721;0,108506260062279;0,332670497857434;0,0360968315555665;4
"11316161";"T2";"Raw Material";0,602361513049481;0;0;0,602361513049481;0,891493739937721;0,108506260062279;0,397638486950519;0,0431462650758242;4
"11334661";"T2";"Raw Material";0,503860398138629;0;0;0,503860398138629;0,891493739937721;0,108506260062279;0,496139601861371;0,0538342526667655;4
"11402999";"T2";"Raw Material";0,728297026305666;0;0;0,728297026305666;0,891493739937721;0,108506260062279;0,271702973694334;0,029481473523372;4
"1132767";"T1";"Raw Material";0,562178083193154;0;0;0,562178083193154;0,915997706888219;0,0840022931117805;0,437821916806846;0,0367780449863703;5
"T1";"T1";"Final Product";0;0;0,0249860662905363;0,0249860662905363;0,908602784561285;0,0913972154387153;0,975013933709464;0,0891135585549931;5
"11308154";"T1";"Raw Material";0,965500014486941;0;0;0,965500014486941;0,915997706888219;0,0840022931117805;0,0344999855130588;0,00289807789542015;5
"11312768";"T1";"Raw Material";0,812395759267984;0;0;0,812395759267984;0,915997706888219;0,0840022931117805;0,187604240732016;0,0157591864189839;5
"11313671";"T1";"Raw Material";0,719060938937926;0;0;0,719060938937926;0,915997706888219;0,0840022931117805;0,280939061062074;0,0235995253538848;5
"11313747";"T1";"Raw Material";0,409213048309706;0;0;0,409213048309706;0,915997706888219;0,0840022931117805;0,590786951690294;0,0496274586825034;5
"11315086";"T1";"Raw Material";0,409196164235342;0;0;0,409196164235342;0,915997706888219;0,0840022931117805;0,590803835764658;0,0496288769834671;5
"11315160";"T1";"Raw Material";0,34065852851774;0,999;0;0,999;1;0;0,001;0;5
"11318457";"T1";"Inner Product";0;0;0,720780508220246;0,720780508220246;0,888053871096199;0,111946128903801;0,279219491779754;0,03125754121923;5
"11318443";"T1";"Inner Product";0;0;0,795650804457232;0,795650804457232;0,888053871096199;0,111946128903801;0,204349195542768;0,0228761013856187;5
"11552755";"T1";"Inner Product";0;0;0,906323302042455;0,906323302042455;0,861412889846893;0,138587110153107;0,0936766979575454;0,0129823828586217;5
"11334659";"T2";"Raw Material";0,906323302042455;0;0;0,906323302042455;0,656125839795243;0,343874160204757;0,0936766979575454;0,0322129958409056;5
"11334659";"T1";"Raw Material";0,906323302042455;0;0;0,906323302042455;0,656125839795243;0,343874160204757;0,0936766979575454;0,0322129958409056;5
"11313665";"T1";"Raw Material";0,720780508220246;0;0;0,720780508220246;0,896603137441406;0,103396862558594;0,279219491779754;0,0288704194152317;5
"11315892";"T1";"Raw Material";0,795650804457232;0;0;0,795650804457232;0,896603137441406;0,103396862558594;0,204349195542768;0,0211290656854948;5
"T2";"T2";"Final Product";0;0;0,0590235972552342;0,0590235972552342;0,886122207514425;0,113877792485575;0,940976402744766;0,107156315525592;5
"11314767";"T2";"Raw Material";0,314409146007062;0,999;0;0,999;1;0;0,001;0;5
"11315387";"T2";"Raw Material";0,978936896513396;0;0;0,978936896513396;0,893907057132671;0,106092942867329;0,021063103486604;0,00223464663481291;5
"11315388";"T2";"Raw Material";0,882709848560295;0;0;0,882709848560295;0,893907057132671;0,106092942867329;0,117290151439705;0,0124436573355929;5
"11315389";"T2";"Raw Material";0,448637377474793;0,999;0;0,999;1;0;0,001;0;5
"11315390";"T2";"Raw Material";0,42727747704497;0,999;0;0,999;1;0;0,001;0;5
"11315391";"T2";"Raw Material";0,428383156897404;0,999;0;0,999;1;0;0,001;0;5
"11315791";"T2";"Raw Material";0,512969570071676;0;0;0,512969570071676;0,893907057132671;0,106092942867329;0,487030429928324;0,0516704915770361;5
"11315792";"T2";"Raw Material";0,667329502142566;0;0;0,667329502142566;0,893907057132671;0,106092942867329;0,332670497857434;0,0352939921228344;5
"11316161";"T2";"Raw Material";0,602361513049481;0;0;0,602361513049481;0,893907057132671;0,106092942867329;0,397638486950519;0,0421866372778924;5
"11334661";"T2";"Raw Material";0,503860398138629;0;0;0,503860398138629;0,893907057132671;0,106092942867329;0,496139601861371;0,0526369104344975;5
"11402999";"T2";"Raw Material";0,728297026305666;0;0;0,728297026305666;0,893907057132671;0,106092942867329;0,271702973694334;0,0288257680650363;5
"1132767";"T1";"Raw Material";0,562178083193154;0;0;0,562178083193154;0,918562415219265;0,0814375847807347;0,437821916806846;0,0356551594688213;6
"T1";"T1";"Final Product";0;0;0,0249860662905363;0,0249860662905363;0,911983545922547;0,0880164540774526;0,975013933709464;0,0858172691212154;6
"11308154";"T1";"Raw Material";0,965500014486941;0;0;0,965500014486941;0,918562415219265;0,0814375847807347;0,0344999855130588;0,00280959549515384;6
"11312768";"T1";"Raw Material";0,812395759267984;0;0;0,812395759267984;0,918562415219265;0,0814375847807347;0,187604240732016;0,015278036259839;6
"11313671";"T1";"Raw Material";0,719060938937926;0;0;0,719060938937926;0,918562415219265;0,0814375847807347;0,280939061062074;0,0228789986034627;6
"11313747";"T1";"Raw Material";0,409213048309706;0;0;0,409213048309706;0,918562415219265;0,0814375847807347;0,590786951690294;0,0481122624656302;6
"11315086";"T1";"Raw Material";0,409196164235342;0;0;0,409196164235342;0,918562415219265;0,0814375847807347;0,590803835764658;0,0481136374638676;6
"11315160";"T1";"Raw Material";0,34065852851774;0,999;0;0,999;1;0;0,001;0;6
"11318457";"T1";"Inner Product";0;0;0,720780508220246;0,720780508220246;0,891463415755469;0,108536584244531;0,279219491779754;0,0303055298922684;6
"11318443";"T1";"Inner Product";0;0;0,795650804457232;0,795650804457232;0,891463415755469;0,108536584244531;0,204349195542768;0,0221793636773298;6
"11552755";"T1";"Inner Product";0;0;0,906323302042455;0,906323302042455;0,864842142159551;0,135157857840449;0,0936766979575454;0,0126611418255086;6
"11334659";"T2";"Raw Material";0,906323302042455;0;0;0,906323302042455;0,692240151884582;0,307759848115418;0,0936766979575454;0,028829926335368;6
"11334659";"T1";"Raw Material";0,906323302042455;0;0;0,906323302042455;0,692240151884582;0,307759848115418;0,0936766979575454;0,028829926335368;6
"11313665";"T1";"Raw Material";0,720780508220246;0;0;0,720780508220246;0,899159208468937;0,100840791531063;0,279219491779754;0,0281567145619716;6
"11315892";"T1";"Raw Material";0,795650804457232;0;0;0,795650804457232;0,899159208468937;0,100840791531063;0,204349195542768;0,0206067346272688;6
"T2";"T2";"Final Product";0;0;0,117025616372723;0,117025616372723;0,906435268801374;0,0935647311986259;0,882974383627277;0,0826152608593585;6
"11314767";"T2";"Raw Material";0,314409146007062;0,999;0;0,999;1;0;0,001;0;6
"11315387";"T2";"Raw Material";0,978936896513396;0;0;0,978936896513396;0,912918352483761;0,0870816475162388;0,021063103486604;0,00183420975341851;6
"11315388";"T2";"Raw Material";0,882709848560295;0;0;0,882709848560295;0,912918352483761;0,0870816475162388;0,117290151439705;0,0102138196247987;6
"11315389";"T2";"Raw Material";0,448637377474793;0,999;0;0,999;1;0;0,001;0;6
"11315390";"T2";"Raw Material";0,42727747704497;0,999;0;0,999;1;0;0,001;0;6
"11315391";"T2";"Raw Material";0,428383156897404;0,999;0;0,999;1;0;0,001;0;6
"11315791";"T2";"Raw Material";0,512969570071676;0;0;0,512969570071676;0,912918352483761;0,0870816475162388;0,487030429928324;0,0424114122287005;6
"11315792";"T2";"Raw Material";0,667329502142566;0;0;0,667329502142566;0,912918352483761;0,0870816475162388;0,332670497857434;0,0289694950334727;6
"11316161";"T2";"Raw Material";0,602361513049481;0;0;0,602361513049481;0,912918352483761;0,0870816475162388;0,397638486950519;0,0346270145595156;6
"11334661";"T2";"Raw Material";0,503860398138629;0,999;0;0,999;1;0;0,001;0;6
"11402999";"T2";"Raw Material";0,728297026305666;0;0;0,728297026305666;0,912918352483761;0,0870816475162388;0,271702973694334;0,0236603425843639;6
"1132767";"T1";"Raw Material";0,562178083193154;0;0;0,562178083193154;0,929921954486367;0,0700780455136329;0,437821916806846;0,0306817042128562;7
"T1";"T1";"Final Product";0;0;0,0610002790981439;0,0610002790981439;0,924704534438451;0,0752954655615485;0,938999720901856;0,0707024211474694;7
"11308154";"T1";"Raw Material";0,965500014486941;0;0;0,965500014486941;0,929921954486367;0,0700780455136329;0,0344999855130588;0,00241769155500381;7
"11312768";"T1";"Raw Material";0,812395759267984;0;0;0,812395759267984;0,929921954486367;0,0700780455136329;0,187604240732016;0,0131469385205688;7
"11313671";"T1";"Raw Material";0,719060938937926;0;0;0,719060938937926;0,929921954486367;0,0700780455136329;0,280939061062074;0,0196876603076654;7
"11313747";"T1";"Raw Material";0,409213048309706;0;0;0,409213048309706;0,929921954486367;0,0700780455136329;0,590786951690294;0,0414011948894129;7
"11315086";"T1";"Raw Material";0,409196164235342;0,999;0;0,999;1;0;0,001;0;7
"11315160";"T1";"Raw Material";0,34065852851774;0,999;0;0,999;1;0;0,001;0;7
"11318457";"T1";"Inner Product";0;0;0,720780508220246;0,720780508220246;0,908381845614862;0,0916181543851375;0,279219491779754;0,0255815745052171;7
"11318443";"T1";"Inner Product";0;0;0,795650804457232;0,795650804457232;0,908381845614862;0,0916181543851375;0,204349195542768;0,018722096145716;7
"11552755";"T1";"Inner Product";0;0;0,906323302042455;0,906323302042455;0,877787860534312;0,122212139465688;0,0936766979575454;0,0114484296754726;7
"11334659";"T2";"Raw Material";0,906323302042455;0;0;0,906323302042455;0,724225080722239;0,275774919277761;0,0936766979575454;0,0258336838174492;7
"11334659";"T1";"Raw Material";0,906323302042455;0;0;0,906323302042455;0,724225080722239;0,275774919277761;0,0936766979575454;0,0258336838174492;7
"11313665";"T1";"Raw Material";0,720780508220246;0;0;0,720780508220246;0,914868817302419;0,0851311826975807;0,279219491779754;0,0237702855674279;7
"11315892";"T1";"Raw Material";0,795650804457232;0;0;0,795650804457232;0,914868817302419;0,0851311826975807;0,204349195542768;0,017396488699855;7
"T2";"T2";"Final Product";0;0;0,117025616372723;0,117025616372723;0,9069797870194;0,0930202129805997;0,882974383627277;0,082134465221423;7
"11314767";"T2";"Raw Material";0,314409146007062;0,999;0;0,999;1;0;0,001;0;7
"11315387";"T2";"Raw Material";0,978936896513396;0;0;0,978936896513396;0,91274348803789;0,08725651196211;0,021063103486604;0,00183789294133802;7
"11315388";"T2";"Raw Material";0,882709848560295;0;0;0,882709848560295;0,91274348803789;0,08725651196211;0,117290151439705;0,0102343295021363;7
"11315389";"T2";"Raw Material";0,448637377474793;0,999;0;0,999;1;0;0,001;0;7
"11315390";"T2";"Raw Material";0,42727747704497;0,999;0;0,999;1;0;0,001;0;7
"11315391";"T2";"Raw Material";0,428383156897404;0,999;0;0,999;1;0;0,001;0;7
"11315791";"T2";"Raw Material";0,512969570071676;0;0;0,512969570071676;0,91274348803789;0,08725651196211;0,487030429928324;0,0424965765349524;7
"11315792";"T2";"Raw Material";0,667329502142566;0;0;0,667329502142566;0,91274348803789;0,08725651196211;0,332670497857434;0,0290276672757383;7
"11316161";"T2";"Raw Material";0,602361513049481;0;0;0,602361513049481;0,91274348803789;0,08725651196211;0,397638486950519;0,0346965473931933;7
"11334661";"T2";"Raw Material";0,503860398138629;0,999;0;0,999;1;0;0,001;0;7
"11402999";"T2";"Raw Material";0,728297026305666;0;0;0,728297026305666;0,91274348803789;0,08725651196211;0,271702973694334;0,0237078537743006;7
"1132767";"T1";"Raw Material";0,562178083193154;0;0;0,562178083193154;0,931006528387496;0,068993471612504;0,437821916806846;0,0302068539885452;8
"T1";"T1";"Final Product";0;0;0,0610002790981439;0,0610002790981439;0,926313765318262;0,0736862346817377;0,938999720901856;0,0691913538004604;8
"11308154";"T1";"Raw Material";0,965500014486941;0;0;0,965500014486941;0,931006528387496;0,068993471612504;0,0344999855130588;0,00238027377112702;8
"11312768";"T1";"Raw Material";0,812395759267984;0;0;0,812395759267984;0,931006528387496;0,068993471612504;0,187604240732016;0,0129434678573297;8
"11313671";"T1";"Raw Material";0,719060938937926;0;0;0,719060938937926;0,931006528387496;0,068993471612504;0,280939061062074;0,0193829611342298;8
"11313747";"T1";"Raw Material";0,409213048309706;0;0;0,409213048309706;0,931006528387496;0,068993471612504;0,590786951690294;0,0407604427804821;8
"11315086";"T1";"Raw Material";0,409196164235342;0,999;0;0,999;1;0;0,001;0;8
"11315160";"T1";"Raw Material";0,34065852851774;0,999;0;0,999;1;0;0,001;0;8
"11318457";"T1";"Inner Product";0;0;0,720780508220246;0,720780508220246;0,90975200654982;0,0902479934501799;0,279219491779754;0,0251989988653018;8
"11318443";"T1";"Inner Product";0;0;0,795650804457232;0,795650804457232;0,90975200654982;0,0902479934501799;0,204349195542768;0,0184421048608933;8
"11552755";"T1";"Inner Product";0;0;0,906323302042455;0,906323302042455;0,879422682745434;0,120577317254566;0,0936766979575454;0,0112952849289871;8
"11334659";"T2";"Raw Material";0,906323302042455;0;0;0,906323302042455;0,752644088717037;0,247355911282963;0,0936766979575454;0,0231714849892675;8
"11334659";"T1";"Raw Material";0,906323302042455;0;0;0,906323302042455;0,752644088717037;0,247355911282963;0,0936766979575454;0,0231714849892675;8
"11313665";"T1";"Raw Material";0,720780508220246;0;0;0,720780508220246;0,915655487902288;0,084344512097712;0,279219491779754;0,0235506318023344;8
"11315892";"T1";"Raw Material";0,795650804457232;0;0;0,795650804457232;0,915655487902288;0,084344512097712;0,204349195542768;0,0172357331956147;8
"T2";"T2";"Final Product";0;0;0,227905508586046;0,227905508586046;0,922852645166156;0,0771473548338444;0,772094491413954;0,0595650476943689;8
"11314767";"T2";"Raw Material";0,314409146007062;0,999;0;0,999;1;0;0,001;0;8
"11315387";"T2";"Raw Material";0,978936896513396;0;0;0,978936896513396;0,92749891014734;0,0725010898526599;0,021063103486604;0,00152709795845815;8
"11315388";"T2";"Raw Material";0,882709848560295;0;0;0,882709848560295;0,92749891014734;0,0725010898526599;0,117290151439705;0,00850366380836213;8
"11315389";"T2";"Raw Material";0,448637377474793;0,999;0;0,999;1;0;0,001;0;8
"11315390";"T2";"Raw Material";0,42727747704497;0,999;0;0,999;1;0;0,001;0;8
"11315391";"T2";"Raw Material";0,428383156897404;0,999;0;0,999;1;0;0,001;0;8
"11315791";"T2";"Raw Material";0,512969570071676;0,999;0;0,999;1;0;0,001;0;8
"11315792";"T2";"Raw Material";0,667329502142566;0;0;0,667329502142566;0,92749891014734;0,0725010898526599;0,332670497857434;0,0241189736564909;8
"11316161";"T2";"Raw Material";0,602361513049481;0;0;0,602361513049481;0,92749891014734;0,0725010898526599;0,397638486950519;0,0288292236712753;8
"11334661";"T2";"Raw Material";0,503860398138629;0,999;0;0,999;1;0;0,001;0;8
"11402999";"T2";"Raw Material";0,728297026305666;0;0;0,728297026305666;0,92749891014734;0,0725010898526599;0,271702973694334;0,0196987617090478;8
"1132767";"T1";"Raw Material";0,562178083193154;0;0;0,562178083193154;0,938345100099409;0,0616548999005908;0,437821916806846;0,0269938664550109;9
"T1";"T1";"Final Product";0;0;0,148918220156374;0,148918220156374;0,934859191327836;0,0651408086721637;0,851081779843626;0,0554401553851581;9
"11308154";"T1";"Raw Material";0,965500014486941;0;0;0,965500014486941;0,938345100099409;0,0616548999005908;0,0344999855130588;0,00212709315337947;9
"11312768";"T1";"Raw Material";0,812395759267984;0;0;0,812395759267984;0,938345100099409;0,0616548999005908;0,187604240732016;0,0115667206832588;9
"11313671";"T1";"Raw Material";0,719060938937926;0;0;0,719060938937926;0,938345100099409;0,0616548999005908;0,280939061062074;0,0173212696879482;9
"11313747";"T1";"Raw Material";0,409213048309706;0,999;0;0,999;1;0;0,001;0;9
"11315086";"T1";"Raw Material";0,409196164235342;0,999;0;0,999;1;0;0,001;0;9
"11315160";"T1";"Raw Material";0,34065852851774;0,999;0;0,999;1;0;0,001;0;9
"11318457";"T1";"Inner Product";0;0;0,720780508220246;0,720780508220246;0,922586652140523;0,0774133478594767;0,279219491779754;0,0216153156462924;9
"11318443";"T1";"Inner Product";0;0;0,795650804457232;0,795650804457232;0,922586652140523;0,0774133478594767;0,204349195542768;0,0158193553593565;9
"11552755";"T1";"Inner Product";0;0;0,906323302042455;0,906323302042455;0,888125369205062;0,111874630794938;0,0936766979575454;0,0104800459980893;9
"11334659";"T2";"Raw Material";0,906323302042455;0;0;0,906323302042455;0,777878868517348;0,222121131482652;0,0936766979575454;0,0208075741438887;9
"11334659";"T1";"Raw Material";0,906323302042455;0;0;0,906323302042455;0,777878868517348;0,222121131482652;0,0936766979575454;0,0208075741438887;9
"11313665";"T1";"Raw Material";0,720780508220246;0;0;0,720780508220246;0,927418600435585;0,0725813995644151;0,279219491779754;0,0202661414990392;9
"11315892";"T1";"Raw Material";0,795650804457232;0;0;0,795650804457232;0,927418600435585;0,0725813995644151;0,204349195542768;0,0148319506123565;9
"T2";"T2";"Final Product";0;0;0,227905508586046;0,227905508586046;0,922064044517319;0,0779359554826813;0,772094491413954;0,0601739219112614;9
"11314767";"T2";"Raw Material";0,314409146007062;0,999;0;0,999;1;0;0,001;0;9
"11315387";"T2";"Raw Material";0,978936896513396;0;0;0,978936896513396;0,926219907625478;0,073780092374522;0,021063103486604;0,00155403772093576;9
"11315388";"T2";"Raw Material";0,882709848560295;0;0;0,882709848560295;0,926219907625478;0,073780092374522;0,117290151439705;0,0086536782078431;9
"11315389";"T2";"Raw Material";0,448637377474793;0,999;0;0,999;1;0;0,001;0;9
"11315390";"T2";"Raw Material";0,42727747704497;0,999;0;0,999;1;0;0,001;0;9
"11315391";"T2";"Raw Material";0,428383156897404;0,999;0;0,999;1;0;0,001;0;9
"11315791";"T2";"Raw Material";0,512969570071676;0,999;0;0,999;1;0;0,001;0;9
"11315792";"T2";"Raw Material";0,667329502142566;0;0;0,667329502142566;0,926219907625478;0,073780092374522;0,332670497857434;0,0245444600621997;9
"11316161";"T2";"Raw Material";0,602361513049481;0;0;0,602361513049481;0,926219907625478;0,073780092374522;0,397638486950519;0,0293378042988744;9
"11334661";"T2";"Raw Material";0,503860398138629;0,999;0;0,999;1;0;0,001;0;9
"11402999";"T2";"Raw Material";0,728297026305666;0;0;0,728297026305666;0,926219907625478;0,073780092374522;0,271702973694334;0,0200462704976003;9
"1132767";"T1";"Raw Material";0,562178083193154;0;0;0,562178083193154;0,938813360154423;0,0611866398455774;0,437821916806846;0,0267888519401608;10
"T1";"T1";"Final Product";0;0;0,148918220156374;0,148918220156374;0,935656681904531;0,0643433180954691;0,851081779843626;0,0547614256857364;10
"11308154";"T1";"Raw Material";0,965500014486941;0;0;0,965500014486941;0,938813360154423;0,0611866398455774;0,0344999855130588;0,00211093818826516;10
"11312768";"T1";"Raw Material";0,812395759267984;0;0;0,812395759267984;0,938813360154423;0,0611866398455774;0,187604240732016;0,0114788731111729;10
"11313671";"T1";"Raw Material";0,719060938937926;0;0;0,719060938937926;0,938813360154423;0,0611866398455774;0,280939061062074;0,0171897171477598;10
"11313747";"T1";"Raw Material";0,409213048309706;0,999;0;0,999;1;0;0,001;0;10
"11315086";"T1";"Raw Material";0,409196164235342;0,999;0;0,999;1;0;0,001;0;10
"11315160";"T1";"Raw Material";0,34065852851774;0,999;0;0,999;1;0;0,001;0;10
"11318457";"T1";"Inner Product";0;0;0,720780508220246;0,720780508220246;0,923043097111662;0,0769569028883381;0,279219491779754;0,0214878673134256;10
"11318443";"T1";"Inner Product";0;0;0,795650804457232;0,795650804457232;0,923043097111662;0,0769569028883381;0,204349195542768;0,0157260811966948;10
"11552755";"T1";"Inner Product";0;0;0,906323302042455;0,906323302042455;0,888936666685058;0,111063333314942;0,0936766979575454;0,010404046329102;10
"11334659";"T2";"Raw Material";0,906323302042455;0;0;0,906323302042455;0,800180820600616;0,199819179399384;0,0936766979575454;0,0187184009147207;10
"11334659";"T1";"Raw Material";0,906323302042455;0;0;0,906323302042455;0,800180820600616;0,199819179399384;0,0936766979575454;0,0187184009147207;10
"11313665";"T1";"Raw Material";0,720780508220246;0;0;0,720780508220246;0,927480405748314;0,0725195942516859;0,279219491779754;0,0202488842510297;10
"11315892";"T1";"Raw Material";0,795650804457232;0;0;0,795650804457232;0,927480405748314;0,0725195942516859;0,204349195542768;0,01481932074642;10
"T2";"T2";"Final Product";0;0;0,377975016904437;0,377975016904437;0,934909405084261;0,0650905949157392;0,622024983095563;0,0404879762021428;10
"11314767";"T2";"Raw Material";0,314409146007062;0,999;0;0,999;1;0;0,001;0;10
"11315387";"T2";"Raw Material";0,978936896513396;0;0;0,978936896513396;0,938082288003481;0,0619177119965189;0,021063103486604;0,00130417917543642;10
"11315388";"T2";"Raw Material";0,882709848560295;0;0;0,882709848560295;0,938082288003481;0,0619177119965189;0,117290151439705;0,00726233781687173;10
"11315389";"T2";"Raw Material";0,448637377474793;0,999;0;0,999;1;0;0,001;0;10
"11315390";"T2";"Raw Material";0,42727747704497;0,999;0;0,999;1;0;0,001;0;10
"11315391";"T2";"Raw Material";0,428383156897404;0,999;0;0,999;1;0;0,001;0;10
"11315791";"T2";"Raw Material";0,512969570071676;0,999;0;0,999;1;0;0,001;0;10
"11315792";"T2";"Raw Material";0,667329502142566;0;0;0,667329502142566;0,938082288003481;0,0619177119965189;0,332670497857434;0,0205981960760751;10
"11316161";"T2";"Raw Material";0,602361513049481;0,999;0;0,999;1;0;0,001;0;10
"11334661";"T2";"Raw Material";0,503860398138629;0,999;0;0,999;1;0;0,001;0;10
"11402999";"T2";"Raw Material";0,728297026305666;0;0;0,728297026305666;0,938082288003481;0,0619177119965189;0,271702973694334;0,0168232264738035;10
"1132767";"T1";"Raw Material";0,562178083193154;0,999;0;0,999;1;0;0,001;0;11
"T1";"T1";"Final Product";0;0;0,264630205950422;0,264630205950422;0,940764741910514;0,0592352580894864;0,735369794049578;0,0435598195417392;11
"11308154";"T1";"Raw Material";0,965500014486941;0;0;0,965500014486941;0,942820551587105;0,0571794484128949;0,0344999855130588;0,00197269014188957;11
"11312768";"T1";"Raw Material";0,812395759267984;0;0;0,812395759267984;0,942820551587105;0,0571794484128949;0,187604240732016;0,0107271070049767;11
"11313671";"T1";"Raw Material";0,719060938937926;0;0;0,719060938937926;0,942820551587105;0,0571794484128949;0,280939061062074;0,016063940549166;11
"11313747";"T1";"Raw Material";0,409213048309706;0,999;0;0,999;1;0;0,001;0;11
"11315086";"T1";"Raw Material";0,409196164235342;0,999;0;0,999;1;0;0,001;0;11
"11315160";"T1";"Raw Material";0,34065852851774;0,999;0;0,999;1;0;0,001;0;11
"11318457";"T1";"Inner Product";0;0;0,720780508220246;0,720780508220246;0,932707721749361;0,0672922782506393;0,279219491779754;0,0187893157338453;11
"11318443";"T1";"Inner Product";0;0;0,795650804457232;0,795650804457232;0,932707721749361;0,0672922782506393;0,204349195542768;0,0137511229267583;11
"11552755";"T1";"Inner Product";0;0;0,906323302042455;0,906323302042455;0,894140466152713;0,105859533847287;0,0936766979575454;0,00991657157813888;11
"11334659";"T2";"Raw Material";0,906323302042455;0;0;0,906323302042455;0,819697290075702;0,180302709924298;0,0936766979575454;0,0168901624985054;11
"11334659";"T1";"Raw Material";0,906323302042455;0;0;0,906323302042455;0,819697290075702;0,180302709924298;0,0936766979575454;0,0168901624985054;11
"11313665";"T1";"Raw Material";0,720780508220246;0;0;0,720780508220246;0,93617127791727;0,0638287220827305;0,279219491779754;0,0178222233408912;11
"11315892";"T1";"Raw Material";0,795650804457232;0;0;0,795650804457232;0,93617127791727;0,0638287220827305;0,204349195542768;0,0130433480101289;11
"T2";"T2";"Final Product";0;0;0,377975016904437;0,377975016904437;0,93353838238871;0,0664616176112898;0,622024983095563;0,0413407865711663;11
"11314767";"T2";"Raw Material";0,314409146007062;0,999;0;0,999;1;0;0,001;0;11
"11315387";"T2";"Raw Material";0,978936896513396;0;0;0,978936896513396;0,936381646836288;0,063618353163712;0,021063103486604;0,00133999995633459;11
"11315388";"T2";"Raw Material";0,882709848560295;0;0;0,882709848560295;0,936381646836288;0,063618353163712;0,117290151439705;0,00746180627691641;11
"11315389";"T2";"Raw Material";0,448637377474793;0,999;0;0,999;1;0;0,001;0;11
"11315390";"T2";"Raw Material";0,42727747704497;0,999;0;0,999;1;0;0,001;0;11
"11315391";"T2";"Raw Material";0,428383156897404;0,999;0;0,999;1;0;0,001;0;11
"11315791";"T2";"Raw Material";0,512969570071676;0,999;0;0,999;1;0;0,001;0;11
"11315792";"T2";"Raw Material";0,667329502142566;0;0;0,667329502142566;0,936381646836288;0,063618353163712;0,332670497857434;0,0211639492198421;11
"11316161";"T2";"Raw Material";0,602361513049481;0,999;0;0,999;1;0;0,001;0;11
"11334661";"T2";"Raw Material";0,503860398138629;0,999;0;0,999;1;0;0,001;0;11
"11402999";"T2";"Raw Material";0,728297026305666;0;0;0,728297026305666;0,936381646836288;0,063618353163712;0,271702973694334;0,0172852957361169;11
"1132767";"T1";"Raw Material";0,562178083193154;0,999;0;0,999;1;0;0,001;0;12
"T1";"T1";"Final Product";0;0;0,264630205950422;0,264630205950422;0,941143885890588;0,0588561141094124;0,735369794049578;0,043281008511197;12
"11308154";"T1";"Raw Material";0,965500014486941;0;0;0,965500014486941;0,943005713346609;0,0569942866533912;0,0344999855130588;0,00196630206386912;12
"11312768";"T1";"Raw Material";0,812395759267984;0;0;0,812395759267984;0,943005713346609;0,0569942866533912;0,187604240732016;0,0106923698736724;12
"11313671";"T1";"Raw Material";0,719060938937926;0;0;0,719060938937926;0,943005713346609;0,0569942866533912;0,280939061062074;0,0160119213783064;12
"11313747";"T1";"Raw Material";0,409213048309706;0,999;0;0,999;1;0;0,001;0;12
"11315086";"T1";"Raw Material";0,409196164235342;0,999;0;0,999;1;0;0,001;0;12
"11315160";"T1";"Raw Material";0,34065852851774;0,999;0;0,999;1;0;0,001;0;12
"11318457";"T1";"Inner Product";0;0;0,720780508220246;0,720780508220246;0,932824627708732;0,0671753722912678;0,279219491779754;0,0187566733112836;12
"11318443";"T1";"Inner Product";0;0;0,795650804457232;0,795650804457232;0,932824627708732;0,0671753722912678;0,204349195542768;0,0137272332880065;12
"11552755";"T1";"Inner Product";0;0;0,906323302042455;0,906323302042455;0,894526586880247;0,105473413119753;0,0936766979575454;0,00988040106337051;12
"11334659";"T2";"Raw Material";0,906323302042455;0;0;0,906323302042455;0,836481725984272;0,163518274015728;0,0936766979575454;0,0153178519655105;12
"11334659";"T1";"Raw Material";0,906323302042455;0;0;0,906323302042455;0,836481725984272;0,163518274015728;0,0936766979575454;0,0153178519655105;12
"11313665";"T1";"Raw Material";0,720780508220246;0;0;0,720780508220246;0,936031170208109;0,0639688297918906;0,279219491779754;0,0178613441442373;12
"11315892";"T1";"Raw Material";0,795650804457232;0;0;0,795650804457232;0,936031170208109;0,0639688297918906;0,204349195542768;0,0130719789077851;12
"T2";"T2";"Final Product";0;0;0,56583298157087;0,56583298157087;0,944074503747328;0,0559254962526718;0,43416701842913;0,024281005962192;12
"11314767";"T2";"Raw Material";0,314409146007062;0,999;0;0,999;1;0;0,001;0;12
"11315387";"T2";"Raw Material";0,978936896513396;0;0;0,978936896513396;0,946034965481652;0,0539650345183482;0,021063103486604;0,00113667110671813;12
"11315388";"T2";"Raw Material";0,882709848560295;0;0;0,882709848560295;0,946034965481652;0,0539650345183482;0,117290151439705;0,00632956707110596;12
"11315389";"T2";"Raw Material";0,448637377474793;0,999;0;0,999;1;0;0,001;0;12
"11315390";"T2";"Raw Material";0,42727747704497;0,999;0;0,999;1;0;0,001;0;12
"11315391";"T2";"Raw Material";0,428383156897404;0,999;0;0,999;1;0;0,001;0;12
"11315791";"T2";"Raw Material";0,512969570071676;0,999;0;0,999;1;0;0,001;0;12
"11315792";"T2";"Raw Material";0,667329502142566;0,999;0;0,999;1;0;0,001;0;12
"11316161";"T2";"Raw Material";0,602361513049481;0,999;0;0,999;1;0;0,001;0;12
"11334661";"T2";"Raw Material";0,503860398138629;0,999;0;0,999;1;0;0,001;0;12
"11402999";"T2";"Raw Material";0,728297026305666;0;0;0,728297026305666;0,946034965481652;0,0539650345183482;0,271702973694334;0,0146624603541526;12
"1132767";"T1";"Raw Material";0,562178083193154;0,999;0;0,999;1;0;0,001;0;13
"T1";"T1";"Final Product";0;0;0,366776810318088;0,366776810318088;0,950346428925703;0,0496535710742974;0,633223189681912;0,0314417926547641;13
"11308154";"T1";"Raw Material";0,965500014486941;0;0;0,965500014486941;0,952434624323005;0,0475653756769954;0,0344999855130588;0,00164100477177954;13
"11312768";"T1";"Raw Material";0,812395759267984;0;0;0,812395759267984;0,952434624323005;0,0475653756769954;0,187604240732016;0,00892346618901584;13
"11313671";"T1";"Raw Material";0,719060938937926;0;0;0,719060938937926;0,952434624323005;0,0475653756769954;0,280939061062074;0,0133629719817599;13
"11313747";"T1";"Raw Material";0,409213048309706;0,999;0;0,999;1;0;0,001;0;13
"11315086";"T1";"Raw Material";0,409196164235342;0,999;0;0,999;1;0;0,001;0;13
"11315160";"T1";"Raw Material";0,34065852851774;0,999;0;0,999;1;0;0,001;0;13
"11318457";"T1";"Inner Product";0;0,999;0,720780508220246;0,999;1;0;0,001;0;13
"11318443";"T1";"Inner Product";0;0;0,795650804457232;0,795650804457232;0,938509103069682;0,0614908969303176;0,204349195542768;0,0125656153209137;13
"11552755";"T1";"Inner Product";0;0;0,906323302042455;0,906323302042455;0,914040125739269;0,0859598742607313;0,0936766979575454;0,0080524371775911;13
"11334659";"T2";"Raw Material";0,906323302042455;0;0;0,906323302042455;0,848759995770971;0,151240004229029;0,0936766979575454;0,0141676641952606;13
"11334659";"T1";"Raw Material";0,906323302042455;0;0;0,906323302042455;0,848759995770971;0,151240004229029;0,0936766979575454;0,0141676641952606;13
"11313665";"T1";"Raw Material";0,720780508220246;0;0;0,720780508220246;0,996163432422123;0,00383656757787731;0,279219491779754;0,00107124444927359;13
"11315892";"T1";"Raw Material";0,795650804457232;0;0;0,795650804457232;0,941869029045272;0,058130970954728;0,204349195542768;0,0118790171507187;13
"T2";"T2";"Final Product";0;0;0,56583298157087;0,56583298157087;0,94459659067018;0,0554034093298199;0,43416701842913;0,0240543330395365;13
"11314767";"T2";"Raw Material";0,314409146007062;0,999;0;0,999;1;0;0,001;0;13
"11315387";"T2";"Raw Material";0,978936896513396;0;0;0,978936896513396;0,946573487410415;0,0534265125895854;0,021063103486604;0,00112532816360279;13
"11315388";"T2";"Raw Material";0,882709848560295;0;0;0,882709848560295;0,946573487410415;0,0534265125895854;0,117290151439705;0,00626640375252777;13
"11315389";"T2";"Raw Material";0,448637377474793;0,999;0;0,999;1;0;0,001;0;13
"11315390";"T2";"Raw Material";0,42727747704497;0,999;0;0,999;1;0;0,001;0;13
"11315391";"T2";"Raw Material";0,428383156897404;0,999;0;0,999;1;0;0,001;0;13
"11315791";"T2";"Raw Material";0,512969570071676;0,999;0;0,999;1;0;0,001;0;13
"11315792";"T2";"Raw Material";0,667329502142566;0,999;0;0,999;1;0;0,001;0;13
"11316161";"T2";"Raw Material";0,602361513049481;0,999;0;0,999;1;0;0,001;0;13
"11334661";"T2";"Raw Material";0,503860398138629;0,999;0;0,999;1;0;0,001;0;13
"11402999";"T2";"Raw Material";0,728297026305666;0;0;0,728297026305666;0,946573487410415;0,0534265125895854;0,271702973694334;0,0145161423447082;13
"1132767";"T1";"Raw Material";0,562178083193154;0,999;0;0,999;1;0;0,001;0;14
"T1";"T1";"Final Product";0;0;0,366776810318088;0,366776810318088;0,965525143369579;0,0344748566304212;0,633223189681912;0,0218302786793419;14
"11308154";"T1";"Raw Material";0,965500014486941;0;0;0,965500014486941;0,967918533694151;0,0320814663058493;0,0344999855130588;0,00110681012278948;14
"11312768";"T1";"Raw Material";0,812395759267984;0;0;0,812395759267984;0,967918533694151;0,0320814663058493;0,187604240732016;0,00601861912787862;14
"11313671";"T1";"Raw Material";0,719060938937926;0;0;0,719060938937926;0,967918533694151;0,0320814663058493;0,280939061062074;0,00901293702145987;14
"11313747";"T1";"Raw Material";0,409213048309706;0,999;0;0,999;1;0;0,001;0;14
"11315086";"T1";"Raw Material";0,409196164235342;0,999;0;0,999;1;0;0,001;0;14
"11315160";"T1";"Raw Material";0,34065852851774;0,999;0;0,999;1;0;0,001;0;14
"11318457";"T1";"Inner Product";0;0,999;0,720780508220246;0,999;1;0;0,001;0;14
"11318443";"T1";"Inner Product";0;0;0,795650804457232;0,795650804457232;0,953129203437341;0,0468707965626591;0,204349195542768;0,00957800957202814;14
"11552755";"T1";"Inner Product";0;0;0,906323302042455;0,906323302042455;0,929697998979603;0,070302001020397;0,0936766979575454;0,00658565931539878;14
"11334659";"T2";"Raw Material";0,906323302042455;0;0;0,906323302042455;0,86406370270863;0,13593629729137;0,0936766979575454;0,0127340634628307;14
"11334659";"T1";"Raw Material";0,906323302042455;0;0;0,906323302042455;0,86406370270863;0,13593629729137;0,0936766979575454;0,0127340634628307;14
"11313665";"T1";"Raw Material";0,720780508220246;0;0;0,720780508220246;0,995694717182632;0,00430528281736797;0,279219491779754;0,00120211888023359;14
"11315892";"T1";"Raw Material";0,795650804457232;0;0;0,795650804457232;0,956750422040115;0,0432495779598852;0,204349195542768;0,00883801646366677;14
"T2";"T2";"Final Product";0;0;0,776149192118295;0,776149192118295;0,951792608459326;0,0482073915406738;0,223850807881705;0,0107912635422495;14
"11314767";"T2";"Raw Material";0,314409146007062;0,999;0;0,999;1;0;0,001;0;14
"11315387";"T2";"Raw Material";0,978936896513396;0;0;0,978936896513396;0,952852982322655;0,0471470176773452;0,021063103486604;0,00099306251242267;14
"11315388";"T2";"Raw Material";0,882709848560295;0;0;0,882709848560295;0,952852982322655;0,0471470176773452;0,117290151439705;0,00552988084330626;14
"11315389";"T2";"Raw Material";0,448637377474793;0,999;0;0,999;1;0;0,001;0;14
"11315390";"T2";"Raw Material";0,42727747704497;0,999;0;0,999;1;0;0,001;0;14
"11315391";"T2";"Raw Material";0,428383156897404;0,999;0;0,999;1;0;0,001;0;14
"11315791";"T2";"Raw Material";0,512969570071676;0,999;0;0,999;1;0;0,001;0;14
"11315792";"T2";"Raw Material";0,667329502142566;0,999;0;0,999;1;0;0,001;0;14
"11316161";"T2";"Raw Material";0,602361513049481;0,999;0;0,999;1;0;0,001;0;14
"11334661";"T2";"Raw Material";0,503860398138629;0,999;0;0,999;1;0;0,001;0;14
"11402999";"T2";"Raw Material";0,728297026305666;0,999;0;0,999;1;0;0,001;0;14
"1132767";"T1";"Raw Material";0,562178083193154;0,999;0;0,999;1;0;0,001;0;15
"T1";"T1";"Final Product";0;0;0,445621928359555;0,445621928359555;0,960040452438401;0,0399595475615986;0,554378071640445;0,0221526969208236;15
"11308154";"T1";"Raw Material";0,965500014486941;0;0;0,965500014486941;0,962939309749365;0,0370606902506354;0,0344999855130588;0,00127859327675088;15
"11312768";"T1";"Raw Material";0,812395759267984;0;0;0,812395759267984;0,962939309749365;0,0370606902506354;0,187604240732016;0,0069527426554749;15
"11313671";"T1";"Raw Material";0,719060938937926;0;0;0,719060938937926;0,962939309749365;0,0370606902506354;0,280939061062074;0,0104117955213259;15
"11313747";"T1";"Raw Material";0,409213048309706;0,999;0;0,999;1;0;0,001;0;15
"11315086";"T1";"Raw Material";0,409196164235342;0,999;0;0,999;1;0;0,001;0;15
"11315160";"T1";"Raw Material";0,34065852851774;0,999;0;0,999;1;0;0,001;0;15
"11318457";"T1";"Inner Product";0;0,999;0,720780508220246;0,999;1;0;0,001;0;15
"11318443";"T1";"Inner Product";0;0;0,795650804457232;0,795650804457232;0,936295237081887;0,0637047629181127;0,204349195542768;0,0130180170545591;15
"11552755";"T1";"Inner Product";0;0;0,999;0,999;0,962939309749365;0,0370606902506354;0,001;3,70606902506354e-05;15
"11334659";"T2";"Raw Material";0,906323302042455;0,999;0;0,999;1;0;0,001;0;15
"11334659";"T1";"Raw Material";0,906323302042455;0,999;0;0,999;1;0;0,001;0;15
"11313665";"T1";"Raw Material";0,720780508220246;0;0;0,720780508220246;0,996241484929464;0,00375851507053571;0,279219491779754;0,00104945066784153;15
"11315892";"T1";"Raw Material";0,795650804457232;0;0;0,795650804457232;0,940038092456628;0,0599619075433724;0,204349195542768;0,012253167569698;15
"T2";"T2";"Final Product";0;0;0,855514849037674;0,855514849037674;0,990025949083609;0,00997405091639081;0,144485150962326;0,00144110225236065;15
"11314767";"T2";"Raw Material";0,314409146007062;0,999;0;0,999;1;0;0,001;0;15
"11315387";"T2";"Raw Material";0,978936896513396;0;0;0,978936896513396;0,992110958743447;0,00788904125655288;0,021063103486604;0,000166167692396862;15
"11315388";"T2";"Raw Material";0,882709848560295;0;0;0,882709848560295;0,992110958743447;0,00788904125655288;0,117290151439705;0,000925306843695167;15
"11315389";"T2";"Raw Material";0,448637377474793;0,999;0;0,999;1;0;0,001;0;15
"11315390";"T2";"Raw Material";0,42727747704497;0,999;0;0,999;1;0;0,001;0;15
"11315391";"T2";"Raw Material";0,428383156897404;0,999;0;0,999;1;0;0,001;0;15
"11315791";"T2";"Raw Material";0,512969570071676;0,999;0;0,999;1;0;0,001;0;15
"11315792";"T2";"Raw Material";0,667329502142566;0,999;0;0,999;1;0;0,001;0;15
"11316161";"T2";"Raw Material";0,602361513049481;0,999;0;0,999;1;0;0,001;0;15
"11334661";"T2";"Raw Material";0,503860398138629;0,999;0;0,999;1;0;0,001;0;15
"11402999";"T2";"Raw Material";0,728297026305666;0,999;0;0,999;1;0;0,001;0;15
"1132767";"T1";"Raw Material";0,562178083193154;0,999;0;0,999;1;0;0,001;0;16
"T1";"T1";"Final Product";0;0;0,559512167822015;0,559512167822015;0,959093611641278;0,0409063883587224;0,440487832177985;0,0180187663303644;16
"11308154";"T1";"Raw Material";0,965500014486941;0;0;0,965500014486941;0,961971731055538;0,038028268944462;0,0344999855130588;0,00131197472767064;16
"11312768";"T1";"Raw Material";0,812395759267984;0;0;0,812395759267984;0,961971731055538;0,038028268944462;0,187604240732016;0,00713426452167871;16
"11313671";"T1";"Raw Material";0,719060938937926;0;0;0,719060938937926;0,961971731055538;0,038028268944462;0,280939061062074;0,0106836261710732;16
"11313747";"T1";"Raw Material";0,409213048309706;0,999;0;0,999;1;0;0,001;0;16
"11315086";"T1";"Raw Material";0,409196164235342;0,999;0;0,999;1;0;0,001;0;16
"11315160";"T1";"Raw Material";0,34065852851774;0,999;0;0,999;1;0;0,001;0;16
"11318457";"T1";"Inner Product";0;0,999;0,720780508220246;0,999;1;0;0,001;0;16
"11318443";"T1";"Inner Product";0;0,999;0,795650804457232;0,999;1;0;0,001;0;16
"11552755";"T1";"Inner Product";0;0;0,999;0,999;0,961971731055538;0,038028268944462;0,001;3,8028268944462e-05;16
"11334659";"T2";"Raw Material";0,906323302042455;0,999;0;0,999;1;0;0,001;0;16
"11334659";"T1";"Raw Material";0,906323302042455;0,999;0;0,999;1;0;0,001;0;16
"11313665";"T1";"Raw Material";0,720780508220246;0;0;0,720780508220246;0,996637755182276;0,0033622448177244;0,279219491779754;0,000938804289244119;16
"11315892";"T1";"Raw Material";0,795650804457232;0;0;0,795650804457232;0,996637755182276;0,0033622448177244;0,204349195542768;0,000687072023719823;16
"T2";"T2";"Final Product";0;0;0,855514849037674;0,855514849037674;0,975458839461961;0,0245411605380392;0,144485150962326;0,00354583328512927;16
"11314767";"T2";"Raw Material";0,314409146007062;0,999;0;0,999;1;0;0,001;0;16
"11315387";"T2";"Raw Material";0,978936896513396;0;0;0,978936896513396;0,977076992733236;0,0229230072667641;0,021063103486604;0,000482829674284028;16
"11315388";"T2";"Raw Material";0,882709848560295;0;0;0,882709848560295;0,977076992733236;0,0229230072667641;0,117290151439705;0,00268864299377222;16
"11315389";"T2";"Raw Material";0,448637377474793;0,999;0;0,999;1;0;0,001;0;16
"11315390";"T2";"Raw Material";0,42727747704497;0,999;0;0,999;1;0;0,001;0;16
"11315391";"T2";"Raw Material";0,428383156897404;0,999;0;0,999;1;0;0,001;0;16
"11315791";"T2";"Raw Material";0,512969570071676;0,999;0;0,999;1;0;0,001;0;16
"11315792";"T2";"Raw Material";0,667329502142566;0,999;0;0,999;1;0;0,001;0;16
"11316161";"T2";"Raw Material";0,602361513049481;0,999;0;0,999;1;0;0,001;0;16
"11334661";"T2";"Raw Material";0,503860398138629;0,999;0;0,999;1;0;0,001;0;16
"11402999";"T2";"Raw Material";0,728297026305666;0,999;0;0,999;1;0;0,001;0;16
"1132767";"T1";"Raw Material";0,562178083193154;0,999;0;0,999;1;0;0,001;0;17
"T1";"T1";"Final Product";0;0;0,77733697575032;0,77733697575032;0,968081509279652;0,031918490720348;0,22266302424968;0,00710706767327803;17
"11308154";"T1";"Raw Material";0,965500014486941;0;0;0,965500014486941;0,970250416674101;0,0297495833258989;0,0344999855130588;0,00102636019376305;17
"11312768";"T1";"Raw Material";0,812395759267984;0;0;0,812395759267984;0,970250416674101;0,0297495833258989;0,187604240732016;0,00558114799194913;17
"11313671";"T1";"Raw Material";0,719060938937926;0,999;0;0,999;1;0;0,001;0;17
"11313747";"T1";"Raw Material";0,409213048309706;0,999;0;0,999;1;0;0,001;0;17
"11315086";"T1";"Raw Material";0,409196164235342;0,999;0;0,999;1;0;0,001;0;17
"11315160";"T1";"Raw Material";0,34065852851774;0,999;0;0,999;1;0;0,001;0;17
"11318457";"T1";"Inner Product";0;0,999;0,720780508220246;0,999;1;0;0,001;0;17
"11318443";"T1";"Inner Product";0;0,999;0,795650804457232;0,999;1;0;0,001;0;17
"11552755";"T1";"Inner Product";0;0;0,999;0,999;0,970250416674101;0,0297495833258989;0,001;2,9749583325899e-05;17
"11334659";"T2";"Raw Material";0,906323302042455;0,999;0;0,999;1;0;0,001;0;17
"11334659";"T1";"Raw Material";0,906323302042455;0,999;0;0,999;1;0;0,001;0;17
"11313665";"T1";"Raw Material";0,720780508220246;0;0;0,720780508220246;0,996272954967657;0,00372704503234345;0,279219491779754;0,00104066361977119;17
"11315892";"T1";"Raw Material";0,795650804457232;0;0;0,795650804457232;0,996272954967657;0,00372704503234345;0,204349195542768;0,000761618654111054;17
"T2";"T2";"Final Product";0;0;0,855514849037674;0,855514849037674;0,975180583373977;0,0248194166260227;0,144485150962326;0,00358603715800775;17
"11314767";"T2";"Raw Material";0,314409146007062;0,999;0;0,999;1;0;0,001;0;17
"11315387";"T2";"Raw Material";0,978936896513396;0;0;0,978936896513396;0,976704229891421;0,0232957701085785;0,021063103486604;0,000490681216597126;17
"11315388";"T2";"Raw Material";0,882709848560295;0;0;0,882709848560295;0,976704229891421;0,0232957701085785;0,117290151439705;0,00273236440393973;17
"11315389";"T2";"Raw Material";0,448637377474793;0,999;0;0,999;1;0;0,001;0;17
"11315390";"T2";"Raw Material";0,42727747704497;0,999;0;0,999;1;0;0,001;0;17
"11315391";"T2";"Raw Material";0,428383156897404;0,999;0;0,999;1;0;0,001;0;17
"11315791";"T2";"Raw Material";0,512969570071676;0,999;0;0,999;1;0;0,001;0;17
"11315792";"T2";"Raw Material";0,667329502142566;0,999;0;0,999;1;0;0,001;0;17
"11316161";"T2";"Raw Material";0,602361513049481;0,999;0;0,999;1;0;0,001;0;17
"11334661";"T2";"Raw Material";0,503860398138629;0,999;0;0,999;1;0;0,001;0;17
"11402999";"T2";"Raw Material";0,728297026305666;0,999;0;0,999;1;0;0,001;0;17
